<?xml version="1.0" encoding="utf-8"?>
<TEI xmlns="http://www.tei-c.org/ns/1.0" xmlns:html="http://www.w3.org/1999/xhtml">
   <teiHeader>
      <fileDesc>
         <titleStmt>
            <title>The Stylebear: XSL stylesheet maker</title>
            <author>Sebastian Rahtz</author>
         </titleStmt>
         <publicationStmt>
            <p/>
         </publicationStmt>
         <sourceDesc>
            <p/>
         </sourceDesc>
      </fileDesc>
   </teiHeader>
   <text>
      <body>
         <html:form encoding="utf-8"
                    enctype="multipart/form-data"
                    action="/cgi-bin/stylebear"
                    method="post"
                    id="stylebear">
            <p>Location of XSL stylesheets:
 <html:input type="textbox"
                           name="TEIXSL"
                           size="48"
                           value="http://www.tei-c.org/release/xml"/>
            </p>
            <p>Name of output file:
 <html:input type="textbox" name="outputFile" value="myTei.xsl"/>
            </p>
            <p>
               <hi>1: Standard page features</hi>
            </p>
            <p>
               <ref target="index.html#links">Details of this section</ref>
            </p>
            <table>
               <row>
                  <cell>
                     <hi>department</hi>
                  </cell>
                  <cell>
                     <input xmlns="http://www.w3.org/1999/xhtml"
                            name="department"
                            type="textbox"
                            value=""
                            size="12"/>
                  </cell>
                  <cell>Name of department within institution</cell>
               </row>
               <row>
                  <cell>
                     <hi>homeLabel</hi>
                  </cell>
                  <cell>
                     <input xmlns="http://www.w3.org/1999/xhtml"
                            name="homeLabel"
                            type="textbox"
                            value="Home"
                            size="8"/>
                  </cell>
                  <cell>Name of link to home page of application</cell>
               </row>
               <row>
                  <cell>
                     <hi>homeURL</hi>
                  </cell>
                  <cell>
                     <input xmlns="http://www.w3.org/1999/xhtml"
                            name="homeURL"
                            type="textbox"
                            value="/"
                            size="5"/>
                  </cell>
                  <cell>Project url</cell>
               </row>
               <row>
                  <cell>
                     <hi>homeWords</hi>
                  </cell>
                  <cell>
                     <input xmlns="http://www.w3.org/1999/xhtml"
                            name="homeWords"
                            type="textbox"
                            value="Home"
                            size="8"/>
                  </cell>
                  <cell>Project name</cell>
               </row>
               <row>
                  <cell>
                     <hi>institution</hi>
                  </cell>
                  <cell>
                     <input xmlns="http://www.w3.org/1999/xhtml"
                            name="institution"
                            type="textbox"
                            value=""
                            size="12"/>
                  </cell>
                  <cell>Institution or project name</cell>
               </row>
               <row>
                  <cell>
                     <hi>parentURL</hi>
                  </cell>
                  <cell>
                     <input xmlns="http://www.w3.org/1999/xhtml"
                            name="parentURL"
                            type="textbox"
                            value=""
                            size="4"/>
                  </cell>
                  <cell>Institution link</cell>
               </row>
               <row>
                  <cell>
                     <hi>parentWords</hi>
                  </cell>
                  <cell>
                     <input xmlns="http://www.w3.org/1999/xhtml"
                            name="parentWords"
                            type="textbox"
                            value="Parent Institution"
                            size="22"/>
                  </cell>
                  <cell>Name of overall institution</cell>
               </row>
               <row>
                  <cell>
                     <hi>searchURL</hi>
                  </cell>
                  <cell>
                     <input xmlns="http://www.w3.org/1999/xhtml"
                            name="searchURL"
                            type="textbox"
                            value=""
                            size="4"/>
                  </cell>
                  <cell>Link to search application</cell>
               </row>
               <row>
                  <cell>
                     <hi>feedbackURL</hi>
                  </cell>
                  <cell>
                     <input xmlns="http://www.w3.org/1999/xhtml"
                            name="feedbackURL"
                            type="textbox"
                            value=""
                            size="4"/>
                  </cell>
                  <cell>Link for feedback</cell>
               </row>
               <row>
                  <cell>
                     <hi>alignNavigationPanel</hi>
                  </cell>
                  <cell>
                     <input xmlns="http://www.w3.org/1999/xhtml"
                            name="alignNavigationPanel"
                            type="textbox"
                            value="right"
                            size="9"/>
                  </cell>
                  <cell>How to align the navigation panel at the bottom of the page</cell>
               </row>
               <row>
                  <cell>
                     <hi>bottomNavigationPanel</hi>
                  </cell>
                  <cell>
                     <input xmlns="http://www.w3.org/1999/xhtml"
                            name="bottomNavigationPanel"
                            type="checkbox"
                            checked="checked"
                            value="true"/>
                  </cell>
                  <cell>Display navigation panel at bottom of pages</cell>
               </row>
               <row>
                  <cell>
                     <hi>htmlTitlePrefix</hi>
                  </cell>
                  <cell>
                     <input xmlns="http://www.w3.org/1999/xhtml"
                            name="htmlTitlePrefix"
                            type="textbox"
                            value=""
                            size="12"/>
                  </cell>
                  <cell>Fixed string to insert before normal page title in HTML meta &lt;title&gt; element</cell>
               </row>
               <row>
                  <cell>
                     <hi>linkPanel</hi>
                  </cell>
                  <cell>
                     <input xmlns="http://www.w3.org/1999/xhtml"
                            name="linkPanel"
                            type="checkbox"
                            checked="checked"
                            value="true"/>
                  </cell>
                  <cell>Make a panel with next page/previous page links.</cell>
               </row>
            </table>
            <p>
               <hi>2: Layout</hi>
            </p>
            <p>
               <ref target="index.html#layout">Details of this section</ref>
            </p>
            <table>
               <row>
                  <cell>
                     <hi>consecutiveFNs</hi>
                  </cell>
                  <cell>
                     <input xmlns="http://www.w3.org/1999/xhtml"
                            name="consecutiveFNs"
                            type="checkbox"
                            value="true"/>
                  </cell>
                  <cell>Number footnotes consecutively</cell>
               </row>
               <row>
                  <cell>
                     <hi>autoEndNotes</hi>
                  </cell>
                  <cell>
                     <input xmlns="http://www.w3.org/1999/xhtml"
                            name="autoEndNotes"
                            type="checkbox"
                            value="true"/>
                  </cell>
                  <cell>Make all notes into endnotes</cell>
               </row>
               <row>
                  <cell>
                     <hi>oddWeaveLite</hi>
                  </cell>
                  <cell>
                     <input xmlns="http://www.w3.org/1999/xhtml"
                            name="oddWeaveLite"
                            type="checkbox"
                            value="true"/>
                  </cell>
                  <cell>Whether to make simplified display of ODD</cell>
               </row>
               <row>
                  <cell>
                     <hi>parIndent</hi>
                  </cell>
                  <cell>
                     <input xmlns="http://www.w3.org/1999/xhtml"
                            name="parIndent"
                            type="textbox"
                            value="1em"
                            size="7"/>
                  </cell>
                  <cell>Paragraph indentation</cell>
               </row>
               <row>
                  <cell>
                     <hi>biblioStyle</hi>
                  </cell>
                  <cell>
                     <input xmlns="http://www.w3.org/1999/xhtml"
                            name="biblioStyle"
                            type="textbox"
                            value=""
                            size="12"/>
                  </cell>
                  <cell>Style for formatted bibliography</cell>
               </row>
               <row>
                  <cell>
                     <hi>DOIResolver</hi>
                  </cell>
                  <cell>
                     <input xmlns="http://www.w3.org/1999/xhtml"
                            name="DOIResolver"
                            type="textbox"
                            value=""
                            size="12"/>
                  </cell>
                  <cell>The initial part of a the URI of a DOI resolution service</cell>
               </row>
               <row>
                  <cell>
                     <hi>parSkip</hi>
                  </cell>
                  <cell>
                     <input xmlns="http://www.w3.org/1999/xhtml"
                            name="parSkip"
                            type="textbox"
                            value="0pt"
                            size="7"/>
                  </cell>
                  <cell>Default spacing between paragraphs</cell>
               </row>
               <row>
                  <cell>
                     <hi>separator</hi>
                  </cell>
                  <cell>
                     <input xmlns="http://www.w3.org/1999/xhtml"
                            name="separator"
                            type="textbox"
                            value="&#xA;  &lt;xsl:text&gt; &lt;/xsl:text&gt;"
                            size="29"/>
                  </cell>
                  <cell>Separator between items in header, footer etc</cell>
               </row>
               <row>
                  <cell>
                     <hi>treestyle</hi>
                  </cell>
                  <cell>
                     <input xmlns="http://www.w3.org/1999/xhtml"
                            name="treestyle"
                            type="textbox"
                            value="googlechart"
                            size="15"/>
                  </cell>
                  <cell>which Javascript library to use for drawing trees</cell>
               </row>
               <row>
                  <cell>
                     <hi>filePerPage</hi>
                  </cell>
                  <cell>
                     <input xmlns="http://www.w3.org/1999/xhtml"
                            name="filePerPage"
                            type="checkbox"
                            value="true"/>
                  </cell>
                  <cell>Whether we should construct a separate file for each page (based on page breaks)</cell>
               </row>
               <row>
                  <cell>
                     <hi>viewPortWidth</hi>
                  </cell>
                  <cell>
                     <input xmlns="http://www.w3.org/1999/xhtml"
                            name="viewPortWidth"
                            type="textbox"
                            value="1200"/>
                  </cell>
                  <cell>When making fixed format epub, width of viewport</cell>
               </row>
               <row>
                  <cell>
                     <hi>viewPortHeight</hi>
                  </cell>
                  <cell>
                     <input xmlns="http://www.w3.org/1999/xhtml"
                            name="viewPortHeight"
                            type="textbox"
                            value="1700"/>
                  </cell>
                  <cell>When making fixed format epub, height of viewport</cell>
               </row>
               <row>
                  <cell>
                     <hi>footnoteBackLink</hi>
                  </cell>
                  <cell>
                     <input xmlns="http://www.w3.org/1999/xhtml"
                            name="footnoteBackLink"
                            type="checkbox"
                            value="true"/>
                  </cell>
                  <cell>Link back from footnotes to reference</cell>
               </row>
               <row>
                  <cell>
                     <hi>columnHeader</hi>
                  </cell>
                  <cell>
                     <textarea xmlns="http://www.w3.org/1999/xhtml"
                               name="columnHeader"
                               type="textarea"
                               cols="40"
                               rows="5"/>
                  </cell>
                  <cell>[html] Banner for top of column</cell>
               </row>
               <row>
                  <cell>
                     <hi>contentStructure</hi>
                  </cell>
                  <cell>
                     <input xmlns="http://www.w3.org/1999/xhtml"
                            name="contentStructure"
                            type="textbox"
                            value="body"
                            size="8"/>
                  </cell>
                  <cell>How to use the front/body/back matter in creating columns. The choice is between all: use &lt;front&gt; for left-hand column, use &lt;body&gt; for centre column, and use &lt;back&gt; for right-hand columnbody: use &lt;body&gt; for right-hand column, generate left-hand with a TOC or whatever</cell>
               </row>
               <row>
                  <cell>
                     <hi>divOffset</hi>
                  </cell>
                  <cell>
                     <input xmlns="http://www.w3.org/1999/xhtml"
                            name="divOffset"
                            type="textbox"
                            value="2"
                            size="4"/>
                  </cell>
                  <cell>The difference between TEI div levels and HTML. headings. TEI &lt;div&gt;s are implicitly or explicitly numbered from 0 upwards; this offset is added to that number to produce an HTML &lt;Hn&gt; element. So a value of 2 here means that a &lt;div1&gt; will generate an &lt;h2&gt;</cell>
               </row>
               <row>
                  <cell>
                     <hi>footnoteFile</hi>
                  </cell>
                  <cell>
                     <input xmlns="http://www.w3.org/1999/xhtml"
                            name="footnoteFile"
                            type="checkbox"
                            value="true"/>
                  </cell>
                  <cell>Make a separate file for footnotes</cell>
               </row>
               <row>
                  <cell>
                     <hi>hdr</hi>
                  </cell>
                  <cell>
                     <textarea xmlns="http://www.w3.org/1999/xhtml"
                               name="hdr"
                               type="textarea"
                               cols="40"
                               rows="5">
  &lt;xsl:call-template  name="pageHeader"&gt;
    &lt;xsl:with-param  name="mode"/&gt;
  &lt;/xsl:call-template&gt;</textarea>
                  </cell>
                  <cell>[html] Header section across top of page </cell>
               </row>
               <row>
                  <cell>
                     <hi>hdr2</hi>
                  </cell>
                  <cell>
                     <textarea xmlns="http://www.w3.org/1999/xhtml"
                               name="hdr2"
                               type="textarea"
                               cols="40"
                               rows="5">
  &lt;xsl:call-template  name="navbar"/&gt;</textarea>
                  </cell>
                  <cell>[html] Navigation bar </cell>
               </row>
               <row>
                  <cell>
                     <hi>preBreadCrumbPath</hi>
                  </cell>
                  <cell>
                     <textarea xmlns="http://www.w3.org/1999/xhtml"
                               name="preBreadCrumbPath"
                               type="textarea"
                               cols="40"
                               rows="5"/>
                  </cell>
                  <cell>[html] Text or action to take at the start of the breadcrumb trail </cell>
               </row>
               <row>
                  <cell>
                     <hi>hdr3</hi>
                  </cell>
                  <cell>
                     <textarea xmlns="http://www.w3.org/1999/xhtml"
                               name="hdr3"
                               type="textarea"
                               cols="40"
                               rows="5">
  &lt;a  href="#rh-col"
    title="Go to main page content"  class="skiplinks"&gt;Skip links&lt;/a&gt;
  &lt;a  class="hide"&gt;
    &lt;xsl:value-of  select="$separator"/&gt;
  &lt;/a&gt;
  &lt;xsl:call-template  name="crumbPath"/&gt;
  &lt;a  class="hide"&gt;
    &lt;xsl:value-of  select="$separator"/&gt;
  &lt;/a&gt;
  &lt;xsl:if  test="not($parentURL='')"&gt;
    &lt;a  class="bannerright"
      href="{$parentURL}"  title="Go to home page"&gt;
      &lt;xsl:value-of  select="$parentWords"/&gt;
    &lt;/a&gt;
  &lt;/xsl:if&gt;</textarea>
                  </cell>
                  <cell>[html] Breadcrumb trail </cell>
               </row>
               <row>
                  <cell>
                     <hi>lh-col-bottom</hi>
                  </cell>
                  <cell>
                     <textarea xmlns="http://www.w3.org/1999/xhtml"
                               name="lh-col-bottom"
                               type="textarea"
                               cols="40"
                               rows="5">
  &lt;xsl:param  name="currentID"/&gt;
  &lt;xsl:call-template  name="leftHandFrame"&gt;
    &lt;xsl:with-param  name="currentID"
      select="$currentID"/&gt;
  &lt;/xsl:call-template&gt;</textarea>
                  </cell>
                  <cell>[html]Bottom of left-hand column ID of selected section</cell>
               </row>
               <row>
                  <cell>
                     <hi>lh-col-top</hi>
                  </cell>
                  <cell>
                     <textarea xmlns="http://www.w3.org/1999/xhtml"
                               name="lh-col-top"
                               type="textarea"
                               cols="40"
                               rows="5">
  &lt;xsl:call-template  name="searchbox"/&gt;
  &lt;xsl:call-template  name="printLink"/&gt;</textarea>
                  </cell>
                  <cell>[html]Top of left-hand column </cell>
               </row>
               <row>
                  <cell>
                     <hi>logoPicture</hi>
                  </cell>
                  <cell>
                     <textarea xmlns="http://www.w3.org/1999/xhtml"
                               name="logoPicture"
                               type="textarea"
                               cols="40"
                               rows="5">
  &lt;a  class="framelogo"
    href="http://www.tei-c.org/Stylesheets/"&gt;
    &lt;img  src="http://www.tei-c.org/release/common/doc/tei-xsl-common/teixsl.png"
      vspace="5"  width="124"  height="161"  border="0"
      alt="created by TEI XSL Stylesheets"/&gt;
  &lt;/a&gt;</textarea>
                  </cell>
                  <cell>[html] Logo</cell>
               </row>
               <row>
                  <cell>
                     <hi>metaHTML</hi>
                  </cell>
                  <cell>
                     <textarea xmlns="http://www.w3.org/1999/xhtml"
                               name="metaHTML"
                               type="textarea"
                               cols="40"
                               rows="5">
  &lt;xsl:param  name="title"/&gt;
  &lt;meta  name="author"&gt;
    &lt;xsl:attribute  name="content"&gt;
      &lt;xsl:sequence  select="tei:generateMetadataAuthor(.)"/&gt;
    &lt;/xsl:attribute&gt;
  &lt;/meta&gt;
  &lt;xsl:if  test="$filePerPage='true'"&gt;
    &lt;meta  name="viewport"
      content="width={$viewPortWidth}, height={$viewPortHeight}"/&gt;
  &lt;/xsl:if&gt;
  &lt;meta  name="generator"
    content="Text Encoding Initiative Consortium XSLT stylesheets"/&gt;
  &lt;xsl:choose&gt;
    &lt;xsl:when  test="$outputTarget='html5' or $outputTarget='epub3'"&gt;
      &lt;meta  charset="utf-8"/&gt;
    &lt;/xsl:when&gt;
    &lt;xsl:otherwise&gt;
      &lt;meta  http-equiv="Content-Type"
        content="text/html; charset={$outputEncoding}"/&gt;
      &lt;meta  name="DC.Title"&gt;
        &lt;xsl:attribute  name="content"&gt;
          &lt;xsl:value-of  select="normalize-space(translate($title,'&lt;&gt;','〈〉'))"/&gt;
        &lt;/xsl:attribute&gt;
      &lt;/meta&gt;
      &lt;meta  name="DC.Type"  content="Text"/&gt;
      &lt;meta  name="DC.Format"
        content="text/html"/&gt;
    &lt;/xsl:otherwise&gt;
  &lt;/xsl:choose&gt;</textarea>
                  </cell>
                  <cell>[html] Making elements in HTML &lt;head&gt;The text used to create the DC.Title field in the HTML header</cell>
               </row>
               <row>
                  <cell>
                     <hi>navbar</hi>
                  </cell>
                  <cell>
                     <textarea xmlns="http://www.w3.org/1999/xhtml"
                               name="navbar"
                               type="textarea"
                               cols="40"
                               rows="5">
  &lt;xsl:choose&gt;
    &lt;xsl:when  test="$navbarFile=''"&gt;
      &lt;xsl:comment&gt;no nav bar&lt;/xsl:comment&gt;
    &lt;/xsl:when&gt;
    &lt;xsl:otherwise&gt;
      &lt;xsl:element  name="{if ($outputTarget='html5') then 'nav' else 'div'}"&gt;
        &lt;xsl:for-each  select="document($navbarFile,document(''))"&gt;
          &lt;xsl:for-each  select="tei:list/tei:item"&gt;
            &lt;span  class="navbar"&gt;
              &lt;a  href="{$URLPREFIX}{tei:xref/@url}"
                class="navbar"&gt;
                &lt;xsl:apply-templates  select="tei:xref/text()"/&gt;
              &lt;/a&gt;
            &lt;/span&gt;
            &lt;xsl:if  test="following-sibling::tei:item"&gt;
              &lt;xsl:value-of  select="$separator"/&gt;
            &lt;/xsl:if&gt;
          &lt;/xsl:for-each&gt;
        &lt;/xsl:for-each&gt;
      &lt;/xsl:element&gt;
    &lt;/xsl:otherwise&gt;
  &lt;/xsl:choose&gt;</textarea>
                  </cell>
                  <cell>[html] Construction of navigation bar  A file is looked for relative to the stylesheet (the second parameter of the document function), which is expected to contain a TEI &lt;list&gt; where each &lt;item&gt; has an embedded &lt;xref&gt;</cell>
               </row>
               <row>
                  <cell>
                     <hi>navbarFile</hi>
                  </cell>
                  <cell>
                     <input xmlns="http://www.w3.org/1999/xhtml"
                            name="navbarFile"
                            type="textbox"
                            value=""
                            size="4"/>
                  </cell>
                  <cell>XML resource defining a navigation bar. The XML should provide a &lt;list&gt; containing a series of &lt;item&gt; elements, each containing an &lt;xref&gt; link.</cell>
               </row>
               <row>
                  <cell>
                     <hi>pageHeader</hi>
                  </cell>
                  <cell>
                     <textarea xmlns="http://www.w3.org/1999/xhtml"
                               name="pageHeader"
                               type="textarea"
                               cols="40"
                               rows="5">
  &lt;xsl:param  name="mode"/&gt;
  &lt;xsl:choose&gt;
    &lt;xsl:when  test="$mode='table'"&gt;
      &lt;table  width="100%"  border="0"&gt;
        &lt;tr&gt;
          &lt;td  height="98"  class="bgimage"
            onclick="window.location='{$homeURL}'"  cellpadding="0"&gt;
            &lt;xsl:call-template  name="makeHTMLHeading"&gt;
              &lt;xsl:with-param  name="class"&gt;subtitle&lt;/xsl:with-param&gt;
              &lt;xsl:with-param  name="text"&gt;
                &lt;xsl:sequence  select="tei:generateSubTitle(.)"/&gt;
              &lt;/xsl:with-param&gt;
              &lt;xsl:with-param  name="level"&gt;2&lt;/xsl:with-param&gt;
            &lt;/xsl:call-template&gt;
            &lt;xsl:call-template  name="makeHTMLHeading"&gt;
              &lt;xsl:with-param  name="class"&gt;title&lt;/xsl:with-param&gt;
              &lt;xsl:with-param  name="text"&gt;
                &lt;xsl:sequence  select="tei:generateTitle(.)"/&gt;
              &lt;/xsl:with-param&gt;
              &lt;xsl:with-param  name="level"&gt;1&lt;/xsl:with-param&gt;
            &lt;/xsl:call-template&gt;
          &lt;/td&gt;
          &lt;td  style="vertical-align:top;"/&gt;
        &lt;/tr&gt;
      &lt;/table&gt;
    &lt;/xsl:when&gt;
    &lt;xsl:otherwise&gt;
      &lt;xsl:call-template  name="makeHTMLHeading"&gt;
        &lt;xsl:with-param  name="class"&gt;subtitle&lt;/xsl:with-param&gt;
        &lt;xsl:with-param  name="text"&gt;
          &lt;xsl:sequence  select="tei:generateSubTitle(.)"/&gt;
        &lt;/xsl:with-param&gt;
        &lt;xsl:with-param  name="level"&gt;2&lt;/xsl:with-param&gt;
      &lt;/xsl:call-template&gt;
      &lt;xsl:call-template  name="makeHTMLHeading"&gt;
        &lt;xsl:with-param  name="class"&gt;title&lt;/xsl:with-param&gt;
        &lt;xsl:with-param  name="text"&gt;
          &lt;xsl:sequence  select="tei:generateTitle(.)"/&gt;
        &lt;/xsl:with-param&gt;
        &lt;xsl:with-param  name="level"&gt;1&lt;/xsl:with-param&gt;
      &lt;/xsl:call-template&gt;
    &lt;/xsl:otherwise&gt;
  &lt;/xsl:choose&gt;</textarea>
                  </cell>
                  <cell>[html] Banner for top of pagelayout mode</cell>
               </row>
               <row>
                  <cell>
                     <hi>rh-col-bottom</hi>
                  </cell>
                  <cell>
                     <textarea xmlns="http://www.w3.org/1999/xhtml"
                               name="rh-col-bottom"
                               type="textarea"
                               cols="40"
                               rows="5">
  &lt;xsl:param  name="currentID"/&gt;
  &lt;xsl:call-template  name="mainFrame"&gt;
    &lt;xsl:with-param  name="currentID"
      select="$currentID"/&gt;
  &lt;/xsl:call-template&gt;</textarea>
                  </cell>
                  <cell>[html] Bottom of right-hand columnID of selected section</cell>
               </row>
               <row>
                  <cell>
                     <hi>rh-col-top</hi>
                  </cell>
                  <cell>
                     <textarea xmlns="http://www.w3.org/1999/xhtml"
                               name="rh-col-top"
                               type="textarea"
                               cols="40"
                               rows="5">
  &lt;xsl:call-template  name="columnHeader"/&gt;</textarea>
                  </cell>
                  <cell>[html] Top of right-hand column</cell>
               </row>
               <row>
                  <cell>
                     <hi>searchbox</hi>
                  </cell>
                  <cell>
                     <textarea xmlns="http://www.w3.org/1999/xhtml"
                               name="searchbox"
                               type="textarea"
                               cols="40"
                               rows="5"/>
                  </cell>
                  <cell>[html] Make a search box</cell>
               </row>
               <row>
                  <cell>
                     <hi>singleFileLabel</hi>
                  </cell>
                  <cell>
                     <textarea xmlns="http://www.w3.org/1999/xhtml"
                               name="singleFileLabel"
                               type="textarea"
                               cols="40"
                               rows="5">For Printing</textarea>
                  </cell>
                  <cell>[html] Construct a label for the link which makes a printable version of the document.</cell>
               </row>
            </table>
            <p>
               <hi>3: Headings</hi>
            </p>
            <p>
               <ref target="index.html#headings">Details of this section</ref>
            </p>
            <table>
               <row>
                  <cell>
                     <hi>autoHead</hi>
                  </cell>
                  <cell>
                     <input xmlns="http://www.w3.org/1999/xhtml"
                            name="autoHead"
                            type="checkbox"
                            value="true"/>
                  </cell>
                  <cell>Whether to construct a heading for &lt;div&gt; elements with no &lt;head&gt; - by default, not.</cell>
               </row>
               <row>
                  <cell>
                     <hi>autoMakeHead</hi>
                  </cell>
                  <cell>
                     <textarea xmlns="http://www.w3.org/1999/xhtml"
                               name="autoMakeHead"
                               type="textarea"
                               cols="40"
                               rows="5">
  &lt;xsl:param  name="display"/&gt;
  &lt;xsl:choose&gt;
    &lt;xsl:when  test="@n"&gt;
      &lt;xsl:value-of  select="@n"/&gt;
    &lt;/xsl:when&gt;
    &lt;xsl:when  test="tei:docDate"&gt;
      &lt;xsl:apply-templates  select="tei:docDate"
        mode="plain"/&gt;
    &lt;/xsl:when&gt;
    &lt;xsl:otherwise&gt;
      &lt;xsl:text&gt;§&lt;/xsl:text&gt;
    &lt;/xsl:otherwise&gt;
  &lt;/xsl:choose&gt;</textarea>
                  </cell>
                  <cell>[common] How to make a heading for section if there is no &lt;head&gt;</cell>
               </row>
               <row>
                  <cell>
                     <hi>headingNumberSuffix</hi>
                  </cell>
                  <cell>
                     <textarea xmlns="http://www.w3.org/1999/xhtml"
                               name="headingNumberSuffix"
                               type="textarea"
                               cols="40"
                               rows="5">
  &lt;xsl:text&gt;.&lt;/xsl:text&gt;
  &lt;xsl:value-of  select="$numberSpacer"/&gt;</textarea>
                  </cell>
                  <cell>Punctuation to insert after a section number</cell>
               </row>
               <row>
                  <cell>
                     <hi>numberSpacer</hi>
                  </cell>
                  <cell>
                     <input xmlns="http://www.w3.org/1999/xhtml"
                            name="numberSpacer"
                            type="textbox"
                            value="&#xA;  &lt;xsl:text/&gt;"
                            size="18"/>
                  </cell>
                  <cell>Character to put after number of section header</cell>
               </row>
            </table>
            <p>
               <hi>4: Numbering</hi>
            </p>
            <p>
               <ref target="index.html#numbering">Details of this section</ref>
            </p>
            <table>
               <row>
                  <cell>
                     <hi>numberBackDiv</hi>
                  </cell>
                  <cell>
                     <textarea xmlns="http://www.w3.org/1999/xhtml"
                               name="numberBackDiv"
                               type="textarea"
                               cols="40"
                               rows="5">
  &lt;xsl:if  test="not($numberBackHeadings='')"&gt;
    &lt;xsl:number  count="tei:div|tei:div1|tei:div2|tei:div3|tei:div4|tei:div5|tei:div6"
      format="A.1.1.1.1.1"  level="multiple"/&gt;
  &lt;/xsl:if&gt;</textarea>
                  </cell>
                  <cell>[common] How to number sections in back matter</cell>
               </row>
               <row>
                  <cell>
                     <hi>numberBackFigures</hi>
                  </cell>
                  <cell>
                     <input xmlns="http://www.w3.org/1999/xhtml"
                            name="numberBackFigures"
                            type="checkbox"
                            value="true"/>
                  </cell>
                  <cell>Automatically number figures in back matter</cell>
               </row>
               <row>
                  <cell>
                     <hi>numberBackHeadings</hi>
                  </cell>
                  <cell>
                     <input xmlns="http://www.w3.org/1999/xhtml"
                            name="numberBackHeadings"
                            type="textbox"
                            value="A.1"
                            size="7"/>
                  </cell>
                  <cell>How to construct heading numbering in back matter</cell>
               </row>
               <row>
                  <cell>
                     <hi>numberBackTables</hi>
                  </cell>
                  <cell>
                     <input xmlns="http://www.w3.org/1999/xhtml"
                            name="numberBackTables"
                            type="checkbox"
                            checked="checked"
                            value="true"/>
                  </cell>
                  <cell>Automatically number tables in back matter</cell>
               </row>
               <row>
                  <cell>
                     <hi>numberBodyDiv</hi>
                  </cell>
                  <cell>
                     <textarea xmlns="http://www.w3.org/1999/xhtml"
                               name="numberBodyDiv"
                               type="textarea"
                               cols="40"
                               rows="5">
  &lt;xsl:if  test="$numberHeadings='true'"&gt;
    &lt;xsl:number  count="tei:div|tei:div1|tei:div2|tei:div3|tei:div4|tei:div5|tei:div6"
      level="multiple"/&gt;
  &lt;/xsl:if&gt;</textarea>
                  </cell>
                  <cell>[common] How to number sections in main matter</cell>
               </row>
               <row>
                  <cell>
                     <hi>numberFigures</hi>
                  </cell>
                  <cell>
                     <input xmlns="http://www.w3.org/1999/xhtml"
                            name="numberFigures"
                            type="checkbox"
                            checked="checked"
                            value="true"/>
                  </cell>
                  <cell>Automatically number figures</cell>
               </row>
               <row>
                  <cell>
                     <hi>numberFrontDiv</hi>
                  </cell>
                  <cell>
                     <textarea xmlns="http://www.w3.org/1999/xhtml"
                               name="numberFrontDiv"
                               type="textarea"
                               cols="40"
                               rows="5">
  &lt;xsl:param  name="minimal"/&gt;
  &lt;xsl:number  count="tei:div|tei:div1|tei:div2|tei:div3|tei:div4|tei:div5|tei:div6"
    level="multiple"/&gt;
  &lt;xsl:if  test="$minimal='false'"&gt;
    &lt;xsl:value-of  select="$numberSpacer"/&gt;
  &lt;/xsl:if&gt;</textarea>
                  </cell>
                  <cell>[common] How to number sections in front matter</cell>
               </row>
               <row>
                  <cell>
                     <hi>numberFrontFigures</hi>
                  </cell>
                  <cell>
                     <input xmlns="http://www.w3.org/1999/xhtml"
                            name="numberFrontFigures"
                            type="checkbox"
                            value="true"/>
                  </cell>
                  <cell>Automatically number figures in front matter</cell>
               </row>
               <row>
                  <cell>
                     <hi>numberFrontHeadings</hi>
                  </cell>
                  <cell>
                     <input xmlns="http://www.w3.org/1999/xhtml"
                            name="numberFrontHeadings"
                            type="textbox"
                            value=""
                            size="12"/>
                  </cell>
                  <cell>How to construct heading numbering in front matter</cell>
               </row>
               <row>
                  <cell>
                     <hi>numberFrontTables</hi>
                  </cell>
                  <cell>
                     <input xmlns="http://www.w3.org/1999/xhtml"
                            name="numberFrontTables"
                            type="checkbox"
                            checked="checked"
                            value="true"/>
                  </cell>
                  <cell>Automatically number tables in front matter</cell>
               </row>
               <row>
                  <cell>
                     <hi>numberHeadings</hi>
                  </cell>
                  <cell>
                     <input xmlns="http://www.w3.org/1999/xhtml"
                            name="numberHeadings"
                            type="checkbox"
                            checked="checked"
                            value="true"/>
                  </cell>
                  <cell>Automatically number sections</cell>
               </row>
               <row>
                  <cell>
                     <hi>numberHeadingsDepth</hi>
                  </cell>
                  <cell>
                     <input xmlns="http://www.w3.org/1999/xhtml"
                            name="numberHeadingsDepth"
                            type="textbox"
                            value="9"
                            size="4"/>
                  </cell>
                  <cell>Depth to which sections should be numbered</cell>
               </row>
               <row>
                  <cell>
                     <hi>numberTables</hi>
                  </cell>
                  <cell>
                     <input xmlns="http://www.w3.org/1999/xhtml"
                            name="numberTables"
                            type="checkbox"
                            checked="checked"
                            value="true"/>
                  </cell>
                  <cell>Automatically number tables</cell>
               </row>
               <row>
                  <cell>
                     <hi>prenumberedHeadings</hi>
                  </cell>
                  <cell>
                     <input xmlns="http://www.w3.org/1999/xhtml"
                            name="prenumberedHeadings"
                            type="checkbox"
                            value="true"/>
                  </cell>
                  <cell>Use value of "n" attribute to number sections</cell>
               </row>
               <row>
                  <cell>
                     <hi>numberParagraphs</hi>
                  </cell>
                  <cell>
                     <input xmlns="http://www.w3.org/1999/xhtml"
                            name="numberParagraphs"
                            type="checkbox"
                            value="true"/>
                  </cell>
                  <cell>Automatically number paragraphs.</cell>
               </row>
            </table>
            <p>
               <hi>5: Output</hi>
            </p>
            <p>
               <ref target="index.html#output">Details of this section</ref>
            </p>
            <table>
               <row>
                  <cell>
                     <hi>outputTarget</hi>
                  </cell>
                  <cell>
                     <input xmlns="http://www.w3.org/1999/xhtml"
                            name="outputTarget"
                            type="textbox"
                            value="html"
                            size="8"/>
                  </cell>
                  <cell>Type of output being generated</cell>
               </row>
               <row>
                  <cell>
                     <hi>REQUEST</hi>
                  </cell>
                  <cell>
                     <input xmlns="http://www.w3.org/1999/xhtml"
                            name="REQUEST"
                            type="textbox"
                            value=""
                            size="12"/>
                  </cell>
                  <cell>The complete URL when the document is being delivered from a web server (normally set by Apache or Cocoon)</cell>
               </row>
               <row>
                  <cell>
                     <hi>STDOUT</hi>
                  </cell>
                  <cell>
                     <input xmlns="http://www.w3.org/1999/xhtml"
                            name="STDOUT"
                            type="checkbox"
                            checked="checked"
                            value="true"/>
                  </cell>
                  <cell>Write to standard output channel</cell>
               </row>
               <row>
                  <cell>
                     <hi>ID</hi>
                  </cell>
                  <cell>
                     <input xmlns="http://www.w3.org/1999/xhtml"
                            name="ID"
                            type="textbox"
                            value=""
                            size="12"/>
                  </cell>
                  <cell>An ID passed to the stylesheet to indicate which section to display</cell>
               </row>
               <row>
                  <cell>
                     <hi>requestedID</hi>
                  </cell>
                  <cell>
                     <textarea xmlns="http://www.w3.org/1999/xhtml"
                               name="requestedID"
                               type="textarea"
                               cols="40"
                               rows="5">
  &lt;xsl:value-of  select="$ID"/&gt;</textarea>
                  </cell>
                  <cell>A wrapper around the ID, to allow for other ways of getting it</cell>
               </row>
               <row>
                  <cell>
                     <hi>URLPREFIX</hi>
                  </cell>
                  <cell>
                     <input xmlns="http://www.w3.org/1999/xhtml"
                            name="URLPREFIX"
                            type="textbox"
                            value=""
                            size="12"/>
                  </cell>
                  <cell>A path fragment to put before all internal URLs </cell>
               </row>
               <row>
                  <cell>
                     <hi>outputName</hi>
                  </cell>
                  <cell>
                     <input xmlns="http://www.w3.org/1999/xhtml"
                            name="outputName"
                            type="textbox"
                            value=""
                            size="12"/>
                  </cell>
                  <cell>The name of the output file</cell>
               </row>
               <row>
                  <cell>
                     <hi>outputDir</hi>
                  </cell>
                  <cell>
                     <input xmlns="http://www.w3.org/1999/xhtml"
                            name="outputDir"
                            type="textbox"
                            value=""
                            size="12"/>
                  </cell>
                  <cell>Directory in which to place generated files.</cell>
               </row>
               <row>
                  <cell>
                     <hi>outputEncoding</hi>
                  </cell>
                  <cell>
                     <input xmlns="http://www.w3.org/1999/xhtml"
                            name="outputEncoding"
                            type="textbox"
                            value="utf-8"
                            size="9"/>
                  </cell>
                  <cell>Encoding of output file(s).</cell>
               </row>
               <row>
                  <cell>
                     <hi>outputMethod</hi>
                  </cell>
                  <cell>
                     <input xmlns="http://www.w3.org/1999/xhtml"
                            name="outputMethod"
                            type="textbox"
                            value="xhtml"
                            size="9"/>
                  </cell>
                  <cell>Output method for output file(s).</cell>
               </row>
               <row>
                  <cell>
                     <hi>outputSuffix</hi>
                  </cell>
                  <cell>
                     <input xmlns="http://www.w3.org/1999/xhtml"
                            name="outputSuffix"
                            type="textbox"
                            value=".html"
                            size="9"/>
                  </cell>
                  <cell>Suffix of output file(s).</cell>
               </row>
               <row>
                  <cell>
                     <hi>doctypePublic</hi>
                  </cell>
                  <cell>
                     <input xmlns="http://www.w3.org/1999/xhtml"
                            name="doctypePublic"
                            type="textbox"
                            value="-//W3C//DTD XHTML 1.0 Transitional//EN"
                            size="42"/>
                  </cell>
                  <cell>Public Doctype of output file(s).</cell>
               </row>
               <row>
                  <cell>
                     <hi>doctypeSystem</hi>
                  </cell>
                  <cell>
                     <textarea xmlns="http://www.w3.org/1999/xhtml"
                               name="doctypeSystem"
                               type="textarea"
                               cols="40"
                               rows="5">http://www.w3.org/TR/xhtml1/DTD/xhtml1-transitional.dtd</textarea>
                  </cell>
                  <cell>System Doctype of output file(s).</cell>
               </row>
               <row>
                  <cell>
                     <hi>pageLayout</hi>
                  </cell>
                  <cell>
                     <input xmlns="http://www.w3.org/1999/xhtml"
                            name="pageLayout"
                            type="textbox"
                            value="Simple"
                            size="10"/>
                  </cell>
                  <cell>The style of HTML (Simple or Complex) which creates the layout for generated pages. The choice is between Simple: A linear presentation is createdComplex: The page is created as a series of nested &lt;div&gt;s which can be arranged using CSS into a multicolumn layoutTable: The page is created as an HTML table</cell>
               </row>
               <row>
                  <cell>
                     <hi>splitBackmatter</hi>
                  </cell>
                  <cell>
                     <input xmlns="http://www.w3.org/1999/xhtml"
                            name="splitBackmatter"
                            type="checkbox"
                            checked="checked"
                            value="true"/>
                  </cell>
                  <cell>Break back matter into separate HTML pages (if splitting enabled).</cell>
               </row>
               <row>
                  <cell>
                     <hi>splitFrontmatter</hi>
                  </cell>
                  <cell>
                     <input xmlns="http://www.w3.org/1999/xhtml"
                            name="splitFrontmatter"
                            type="checkbox"
                            checked="checked"
                            value="true"/>
                  </cell>
                  <cell>Break front matter into separate HTML pages (if splitting enabled).</cell>
               </row>
               <row>
                  <cell>
                     <hi>splitLevel</hi>
                  </cell>
                  <cell>
                     <input xmlns="http://www.w3.org/1999/xhtml"
                            name="splitLevel"
                            type="textbox"
                            value="-1"
                            size="4"/>
                  </cell>
                  <cell>Level at which to split sections. When processing a &lt;div&gt; or &lt;div[0-5]&gt;, compare the nesting depth and see whether to start a new HTML page. Since the TEI starts with &lt;div1&gt;, setting this parameter to 0 will cause top-level sections to be split apart. The default is not to split at all. </cell>
               </row>
               <row>
                  <cell>
                     <hi>standardSuffix</hi>
                  </cell>
                  <cell>
                     <textarea xmlns="http://www.w3.org/1999/xhtml"
                               name="standardSuffix"
                               type="textarea"
                               cols="40"
                               rows="5">
  &lt;xsl:choose&gt;
    &lt;xsl:when  test="tei:teiCorpus"&gt;.html&lt;/xsl:when&gt;
    &lt;xsl:when  test="$STDOUT='true'"/&gt;
    &lt;xsl:otherwise&gt;
      &lt;xsl:value-of  select="$outputSuffix"/&gt;
    &lt;/xsl:otherwise&gt;
  &lt;/xsl:choose&gt;</textarea>
                  </cell>
                  <cell>Suffix for generated output files.</cell>
               </row>
               <row>
                  <cell>
                     <hi>topNavigationPanel</hi>
                  </cell>
                  <cell>
                     <input xmlns="http://www.w3.org/1999/xhtml"
                            name="topNavigationPanel"
                            type="checkbox"
                            checked="checked"
                            value="true"/>
                  </cell>
                  <cell>Display navigation panel at top of pages.</cell>
               </row>
               <row>
                  <cell>
                     <hi>urlChunkPrefix</hi>
                  </cell>
                  <cell>
                     <input xmlns="http://www.w3.org/1999/xhtml"
                            name="urlChunkPrefix"
                            type="textbox"
                            value="?ID="
                            size="8"/>
                  </cell>
                  <cell>How to specify infra-document links. When a document is split, links need to be constructed between parts of the document. The default is to use a query parameter on the URL.</cell>
               </row>
               <row>
                  <cell>
                     <hi>useIDs</hi>
                  </cell>
                  <cell>
                     <input xmlns="http://www.w3.org/1999/xhtml"
                            name="useIDs"
                            type="checkbox"
                            checked="checked"
                            value="true"/>
                  </cell>
                  <cell>Construct links using existing ID values. It is often nice if, when making separate files, their names correspond to the ID attribute of the &gt;div&lt;. Alternatively, you can let the system choose names.</cell>
               </row>
            </table>
            <p>
               <hi>6: Table of contents generation</hi>
            </p>
            <p>
               <ref target="index.html#toc">Details of this section</ref>
            </p>
            <table>
               <row>
                  <cell>
                     <hi>autoToc</hi>
                  </cell>
                  <cell>
                     <input xmlns="http://www.w3.org/1999/xhtml"
                            name="autoToc"
                            type="checkbox"
                            checked="checked"
                            value="true"/>
                  </cell>
                  <cell>Make an automatic table of contents</cell>
               </row>
               <row>
                  <cell>
                     <hi>class_subtoc</hi>
                  </cell>
                  <cell>
                     <input xmlns="http://www.w3.org/1999/xhtml"
                            name="class_subtoc"
                            type="textbox"
                            value="subtoc"
                            size="10"/>
                  </cell>
                  <cell>CSS class for second-level TOC entries</cell>
               </row>
               <row>
                  <cell>
                     <hi>subTocDepth</hi>
                  </cell>
                  <cell>
                     <input xmlns="http://www.w3.org/1999/xhtml"
                            name="subTocDepth"
                            type="textbox"
                            value="-1"
                            size="4"/>
                  </cell>
                  <cell>Depth at which to stop doing a recursive table of contents. You can have a mini table of contents at the start of each section. The default is only to construct a TOC at the top level; a value of -1 here means no subtoc at all. </cell>
               </row>
               <row>
                  <cell>
                     <hi>tocBack</hi>
                  </cell>
                  <cell>
                     <input xmlns="http://www.w3.org/1999/xhtml"
                            name="tocBack"
                            type="checkbox"
                            checked="checked"
                            value="true"/>
                  </cell>
                  <cell>Include the back matter in the table of contents.</cell>
               </row>
               <row>
                  <cell>
                     <hi>tocDepth</hi>
                  </cell>
                  <cell>
                     <input xmlns="http://www.w3.org/1999/xhtml"
                            name="tocDepth"
                            type="textbox"
                            value="5"
                            size="5"/>
                  </cell>
                  <cell>Depth to which table of contents is constructed.</cell>
               </row>
               <row>
                  <cell>
                     <hi>tocFront</hi>
                  </cell>
                  <cell>
                     <input xmlns="http://www.w3.org/1999/xhtml"
                            name="tocFront"
                            type="checkbox"
                            checked="checked"
                            value="true"/>
                  </cell>
                  <cell>Include the front matter in the table of contents.</cell>
               </row>
               <row>
                  <cell>
                     <hi>tocElement</hi>
                  </cell>
                  <cell>
                     <input xmlns="http://www.w3.org/1999/xhtml"
                            name="tocElement"
                            type="textbox"
                            value="p"
                            size="5"/>
                  </cell>
                  <cell>Which HTML element to wrap each TOCs entry in.</cell>
               </row>
               <row>
                  <cell>
                     <hi>tocContainerElement</hi>
                  </cell>
                  <cell>
                     <input xmlns="http://www.w3.org/1999/xhtml"
                            name="tocContainerElement"
                            type="textbox"
                            value="div"
                            size="7"/>
                  </cell>
                  <cell>Which HTML element to wrap each TOC sections in.</cell>
               </row>
               <row>
                  <cell>
                     <hi>refDocFooterText</hi>
                  </cell>
                  <cell>
                     <input xmlns="http://www.w3.org/1999/xhtml"
                            name="refDocFooterText"
                            type="textbox"
                            value="TEI Guidelines"
                            size="18"/>
                  </cell>
                  <cell>Text to link back to from foot of ODD reference pages</cell>
               </row>
               <row>
                  <cell>
                     <hi>refDocFooterURL</hi>
                  </cell>
                  <cell>
                     <input xmlns="http://www.w3.org/1999/xhtml"
                            name="refDocFooterURL"
                            type="textbox"
                            value="index.html"
                            size="14"/>
                  </cell>
                  <cell>URL to link back to from foot of ODD reference pages</cell>
               </row>
               <row>
                  <cell>
                     <hi>navInterSep</hi>
                  </cell>
                  <cell>
                     <input xmlns="http://www.w3.org/1999/xhtml"
                            name="navInterSep"
                            type="textbox"
                            value="&#xA;  &lt;xsl:text&gt;: &lt;/xsl:text&gt;"
                            size="30"/>
                  </cell>
                  <cell>Gap between elements in navigation list</cell>
               </row>
            </table>
            <p>
               <hi>7: Internationalization</hi>
            </p>
            <p>
               <ref target="index.html#i18n">Details of this section</ref>
            </p>
            <table>
               <row>
                  <cell>
                     <hi>copyrightStatement</hi>
                  </cell>
                  <cell>
                     <textarea xmlns="http://www.w3.org/1999/xhtml"
                               name="copyrightStatement"
                               type="textarea"
                               cols="40"
                               rows="5"/>
                  </cell>
                  <cell>[html] Make a copyright claim</cell>
               </row>
            </table>
            <p>
               <hi>8: CSS</hi>
            </p>
            <p>
               <ref target="index.html#CSS">Details of this section</ref>
            </p>
            <table>
               <row>
                  <cell>
                     <hi>class_toc</hi>
                  </cell>
                  <cell>
                     <input xmlns="http://www.w3.org/1999/xhtml"
                            name="class_toc"
                            type="textbox"
                            value="toc"
                            size="7"/>
                  </cell>
                  <cell>CSS class for TOC entries</cell>
               </row>
               <row>
                  <cell>
                     <hi>class_ptr</hi>
                  </cell>
                  <cell>
                     <input xmlns="http://www.w3.org/1999/xhtml"
                            name="class_ptr"
                            type="textbox"
                            value="ptr"
                            size="7"/>
                  </cell>
                  <cell>CSS class for links derived from &lt;ptr&gt; </cell>
               </row>
               <row>
                  <cell>
                     <hi>class_ref</hi>
                  </cell>
                  <cell>
                     <input xmlns="http://www.w3.org/1999/xhtml"
                            name="class_ref"
                            type="textbox"
                            value="ref"
                            size="7"/>
                  </cell>
                  <cell>CSS class for links derived from &lt;ref&gt;</cell>
               </row>
               <row>
                  <cell>
                     <hi>cssFile</hi>
                  </cell>
                  <cell>
                     <textarea xmlns="http://www.w3.org/1999/xhtml"
                               name="cssFile"
                               type="textarea"
                               cols="40"
                               rows="5">http://www.tei-c.org/release/xml/tei/stylesheet/tei.css</textarea>
                  </cell>
                  <cell>CSS style file to be associated with output file(s)</cell>
               </row>
               <row>
                  <cell>
                     <hi>cssPrintFile</hi>
                  </cell>
                  <cell>
                     <textarea xmlns="http://www.w3.org/1999/xhtml"
                               name="cssPrintFile"
                               type="textarea"
                               cols="40"
                               rows="5">http://www.tei-c.org/release/xml/tei/stylesheet/tei-print.css</textarea>
                  </cell>
                  <cell>CSS style file for print; this will be given a media=print attribute.</cell>
               </row>
               <row>
                  <cell>
                     <hi>cssSecondaryFile</hi>
                  </cell>
                  <cell>
                     <input xmlns="http://www.w3.org/1999/xhtml"
                            name="cssSecondaryFile"
                            type="textbox"
                            value=""
                            size="4"/>
                  </cell>
                  <cell>Secondary CSS style file; this will be given a media=screen attribute, so that it does not affect printing. It should be used for screen layout.</cell>
               </row>
               <row>
                  <cell>
                     <hi>cssInlineFiles</hi>
                  </cell>
                  <cell>
                     <input xmlns="http://www.w3.org/1999/xhtml"
                            name="cssInlineFiles"
                            type="textbox"
                            value=""
                            size="4"/>
                  </cell>
                  <cell>CSS file to include in the output file directly</cell>
               </row>
            </table>
            <p>
               <hi>9: Tables</hi>
            </p>
            <p>
               <ref target="index.html#tables">Details of this section</ref>
            </p>
            <table>
               <row>
                  <cell>
                     <hi>cellAlign</hi>
                  </cell>
                  <cell>
                     <input xmlns="http://www.w3.org/1999/xhtml"
                            name="cellAlign"
                            type="textbox"
                            value="left"
                            size="8"/>
                  </cell>
                  <cell>Default alignment of table cells</cell>
               </row>
               <row>
                  <cell>
                     <hi>tableAlign</hi>
                  </cell>
                  <cell>
                     <input xmlns="http://www.w3.org/1999/xhtml"
                            name="tableAlign"
                            type="textbox"
                            value="left"
                            size="8"/>
                  </cell>
                  <cell>Default alignment of tables</cell>
               </row>
            </table>
            <p>
               <hi>10: Figures and graphics</hi>
            </p>
            <p>
               <ref target="index.html#figures">Details of this section</ref>
            </p>
            <table>
               <row>
                  <cell>
                     <hi>graphicsPrefix</hi>
                  </cell>
                  <cell>
                     <input xmlns="http://www.w3.org/1999/xhtml"
                            name="graphicsPrefix"
                            type="textbox"
                            value=""
                            size="12"/>
                  </cell>
                  <cell>Directory specification to put before names of graphics files, unless they start with "./"</cell>
               </row>
               <row>
                  <cell>
                     <hi>graphicsSuffix</hi>
                  </cell>
                  <cell>
                     <input xmlns="http://www.w3.org/1999/xhtml"
                            name="graphicsSuffix"
                            type="textbox"
                            value=".png"
                            size="8"/>
                  </cell>
                  <cell>Default file suffix for graphics files, if not directly specified</cell>
               </row>
               <row>
                  <cell>
                     <hi>standardScale</hi>
                  </cell>
                  <cell>
                     <input xmlns="http://www.w3.org/1999/xhtml"
                            name="standardScale"
                            type="textbox"
                            value="1"/>
                  </cell>
                  <cell>Scaling of imported graphics</cell>
               </row>
               <row>
                  <cell>
                     <hi>headInXref</hi>
                  </cell>
                  <cell>
                     <input xmlns="http://www.w3.org/1999/xhtml"
                            name="headInXref"
                            type="checkbox"
                            checked="checked"
                            value="true"/>
                  </cell>
                  <cell>[common] Whether cross-reference to a figure or table includes its caption</cell>
               </row>
               <row>
                  <cell>
                     <hi>dpi</hi>
                  </cell>
                  <cell>
                     <input xmlns="http://www.w3.org/1999/xhtml"
                            name="dpi"
                            type="textbox"
                            value="96"
                            size="4"/>
                  </cell>
                  <cell>Resolution of images. This is needed to calculate HTML width and height (in pixels) from supplied dimensions.</cell>
               </row>
               <row>
                  <cell>
                     <hi>showFigures</hi>
                  </cell>
                  <cell>
                     <input xmlns="http://www.w3.org/1999/xhtml"
                            name="showFigures"
                            type="checkbox"
                            checked="checked"
                            value="true"/>
                  </cell>
                  <cell>Display figures.</cell>
               </row>
            </table>
            <p>
               <hi>11: Style</hi>
            </p>
            <p>
               <ref target="index.html#style">Details of this section</ref>
            </p>
            <table>
               <row>
                  <cell>
                     <hi>pagebreakStyle</hi>
                  </cell>
                  <cell>
                     <input xmlns="http://www.w3.org/1999/xhtml"
                            name="pagebreakStyle"
                            type="textbox"
                            value="visible"
                            size="11"/>
                  </cell>
                  <cell>Display of &lt;pb&gt; element. Choices are "active" or "none"; the default is to put in a display of the page break</cell>
               </row>
               <row>
                  <cell>
                     <hi>displayMode</hi>
                  </cell>
                  <cell>
                     <input xmlns="http://www.w3.org/1999/xhtml"
                            name="displayMode"
                            type="textbox"
                            value="rnc"
                            size="7"/>
                  </cell>
                  <cell>How to display Relax NG schema fragments (rnc or rng)</cell>
               </row>
               <row>
                  <cell>
                     <hi>minimalCrossRef</hi>
                  </cell>
                  <cell>
                     <input xmlns="http://www.w3.org/1999/xhtml"
                            name="minimalCrossRef"
                            type="checkbox"
                            value="true"/>
                  </cell>
                  <cell>Provide minimal context for a link</cell>
               </row>
               <row>
                  <cell>
                     <hi>postQuote</hi>
                  </cell>
                  <cell>
                     <input xmlns="http://www.w3.org/1999/xhtml"
                            name="postQuote"
                            type="textbox"
                            value="’"
                            size="5"/>
                  </cell>
                  <cell>Character to insert at end of quote.</cell>
               </row>
               <row>
                  <cell>
                     <hi>preQuote</hi>
                  </cell>
                  <cell>
                     <input xmlns="http://www.w3.org/1999/xhtml"
                            name="preQuote"
                            type="textbox"
                            value="‘"
                            size="5"/>
                  </cell>
                  <cell>Character to insert at start of quote</cell>
               </row>
               <row>
                  <cell>
                     <hi>urlMarkup</hi>
                  </cell>
                  <cell>
                     <input xmlns="http://www.w3.org/1999/xhtml"
                            name="urlMarkup"
                            type="textbox"
                            value="span"
                            size="8"/>
                  </cell>
                  <cell>HTML element to put around visible text of display URLs</cell>
               </row>
            </table>
            <p>
               <hi>12: Hooks</hi>
            </p>
            <p>
               <ref target="index.html#hook">Details of this section</ref>
            </p>
            <table>
               <row>
                  <cell>
                     <hi>sectionHeadHook</hi>
                  </cell>
                  <cell>
                     <textarea xmlns="http://www.w3.org/1999/xhtml"
                               name="sectionHeadHook"
                               type="textarea"
                               cols="40"
                               rows="5"/>
                  </cell>
                  <cell>[common] Hook where actions can be inserted when making a heading</cell>
               </row>
               <row>
                  <cell>
                     <hi>attDefHook</hi>
                  </cell>
                  <cell>
                     <textarea xmlns="http://www.w3.org/1999/xhtml"
                               name="attDefHook"
                               type="textarea"
                               cols="40"
                               rows="5">
  &lt;xsl:param  name="attName"/&gt;</textarea>
                  </cell>
                  <cell>[common] Hook where actions can be inserted when processing an attDef Used in Guidelines output to create an anchor/link pilcrow.</cell>
               </row>
               <row>
                  <cell>
                     <hi>bodyHook</hi>
                  </cell>
                  <cell>
                     <textarea xmlns="http://www.w3.org/1999/xhtml"
                               name="bodyHook"
                               type="textarea"
                               cols="40"
                               rows="5"/>
                  </cell>
                  <cell>[html] Hook where HTML can be inserted just after &lt;body&gt;</cell>
               </row>
               <row>
                  <cell>
                     <hi>bodyEndHook</hi>
                  </cell>
                  <cell>
                     <textarea xmlns="http://www.w3.org/1999/xhtml"
                               name="bodyEndHook"
                               type="textarea"
                               cols="40"
                               rows="5"/>
                  </cell>
                  <cell>[html] Hook where HTML can be inserted just before the &lt;body&gt; ends. This can be used to add a page-wide footer block.</cell>
               </row>
               <row>
                  <cell>
                     <hi>bodyJavascriptHook</hi>
                  </cell>
                  <cell>
                     <textarea xmlns="http://www.w3.org/1999/xhtml"
                               name="bodyJavascriptHook"
                               type="textarea"
                               cols="40"
                               rows="5"/>
                  </cell>
                  <cell>[html] Hook where Javascript calls can be inserted just after &lt;body&gt;</cell>
               </row>
               <row>
                  <cell>
                     <hi>cssHook</hi>
                  </cell>
                  <cell>
                     <textarea xmlns="http://www.w3.org/1999/xhtml"
                               name="cssHook"
                               type="textarea"
                               cols="40"
                               rows="5"/>
                  </cell>
                  <cell>[html] Hook where extra CSS can be inserted</cell>
               </row>
               <row>
                  <cell>
                     <hi>headHook</hi>
                  </cell>
                  <cell>
                     <textarea xmlns="http://www.w3.org/1999/xhtml"
                               name="headHook"
                               type="textarea"
                               cols="40"
                               rows="5"/>
                  </cell>
                  <cell>[html] Hook where code can be added to the HTML &lt;head&gt;. This would be used to insert &lt;meta&gt; tags.</cell>
               </row>
               <row>
                  <cell>
                     <hi>imgHook</hi>
                  </cell>
                  <cell>
                     <textarea xmlns="http://www.w3.org/1999/xhtml"
                               name="imgHook"
                               type="textarea"
                               cols="40"
                               rows="5"/>
                  </cell>
                  <cell>[html] Hook where HTML can be inserted when creating an &lt;img&gt;</cell>
               </row>
               <row>
                  <cell>
                     <hi>figureHook</hi>
                  </cell>
                  <cell>
                     <textarea xmlns="http://www.w3.org/1999/xhtml"
                               name="figureHook"
                               type="textarea"
                               cols="40"
                               rows="5"/>
                  </cell>
                  <cell>[html] Hook where HTML can be inserted when processing a figure</cell>
               </row>
               <row>
                  <cell>
                     <hi>javascriptHook</hi>
                  </cell>
                  <cell>
                     <textarea xmlns="http://www.w3.org/1999/xhtml"
                               name="javascriptHook"
                               type="textarea"
                               cols="40"
                               rows="5"/>
                  </cell>
                  <cell>[html] Hook where extra Javascript functions can be defined</cell>
               </row>
               <row>
                  <cell>
                     <hi>preAddressHook</hi>
                  </cell>
                  <cell>
                     <textarea xmlns="http://www.w3.org/1999/xhtml"
                               name="preAddressHook"
                               type="textarea"
                               cols="40"
                               rows="5"/>
                  </cell>
                  <cell>[html] Hook where HTML can be inserted just before the &lt;address&gt;</cell>
               </row>
               <row>
                  <cell>
                     <hi>startDivHook</hi>
                  </cell>
                  <cell>
                     <textarea xmlns="http://www.w3.org/1999/xhtml"
                               name="startDivHook"
                               type="textarea"
                               cols="40"
                               rows="5"/>
                  </cell>
                  <cell>[html] Hook where HTML can be inserted at the start of processing each section</cell>
               </row>
               <row>
                  <cell>
                     <hi>startHook</hi>
                  </cell>
                  <cell>
                     <textarea xmlns="http://www.w3.org/1999/xhtml"
                               name="startHook"
                               type="textarea"
                               cols="40"
                               rows="5"/>
                  </cell>
                  <cell>[html] Hook where HTML can be inserted at the beginning of the main text, after the header</cell>
               </row>
               <row>
                  <cell>
                     <hi>teiEndHook</hi>
                  </cell>
                  <cell>
                     <textarea xmlns="http://www.w3.org/1999/xhtml"
                               name="teiEndHook"
                               type="textarea"
                               cols="40"
                               rows="5"/>
                  </cell>
                  <cell>[html] Hook where HTML can be inserted after processing &lt;TEI&gt;</cell>
               </row>
               <row>
                  <cell>
                     <hi>teiStartHook</hi>
                  </cell>
                  <cell>
                     <textarea xmlns="http://www.w3.org/1999/xhtml"
                               name="teiStartHook"
                               type="textarea"
                               cols="40"
                               rows="5"/>
                  </cell>
                  <cell>[html] Hook where HTML can be inserted before processing &lt;TEI&gt;</cell>
               </row>
               <row>
                  <cell>
                     <hi>xrefHook</hi>
                  </cell>
                  <cell>
                     <textarea xmlns="http://www.w3.org/1999/xhtml"
                               name="xrefHook"
                               type="textarea"
                               cols="40"
                               rows="5"/>
                  </cell>
                  <cell>[html] Hook where HTML can be inserted when creating an &lt;a&gt; element</cell>
               </row>
               <row>
                  <cell>
                     <hi>egXMLStartHook</hi>
                  </cell>
                  <cell>
                     <textarea xmlns="http://www.w3.org/1999/xhtml"
                               name="egXMLStartHook"
                               type="textarea"
                               cols="40"
                               rows="5"/>
                  </cell>
                  <cell>[html] Hooks where HTML can be inserted when processing &lt;egXML&gt; element</cell>
               </row>
            </table>
            <p>
               <hi>13: Miscellaneous and advanced</hi>
            </p>
            <p>
               <ref target="index.html#misc">Details of this section</ref>
            </p>
            <table>
               <row>
                  <cell>
                     <hi>teixslHome</hi>
                  </cell>
                  <cell>
                     <input xmlns="http://www.w3.org/1999/xhtml"
                            name="teixslHome"
                            type="textbox"
                            value="http://www.tei-c.org/Stylesheets/"
                            size="37"/>
                  </cell>
                  <cell>The home page for these stylesheets</cell>
               </row>
               <row>
                  <cell>
                     <hi>teiP4Compat</hi>
                  </cell>
                  <cell>
                     <input xmlns="http://www.w3.org/1999/xhtml"
                            name="teiP4Compat"
                            type="checkbox"
                            value="true"/>
                  </cell>
                  <cell>Process elements according to assumptions of TEI P4</cell>
               </row>
               <row>
                  <cell>
                     <hi>generateParagraphIDs</hi>
                  </cell>
                  <cell>
                     <input xmlns="http://www.w3.org/1999/xhtml"
                            name="generateParagraphIDs"
                            type="checkbox"
                            value="true"/>
                  </cell>
                  <cell>Generate a unique ID for all paragraphs</cell>
               </row>
               <row>
                  <cell>
                     <hi>showTitleAuthor</hi>
                  </cell>
                  <cell>
                     <input xmlns="http://www.w3.org/1999/xhtml"
                            name="showTitleAuthor"
                            type="checkbox"
                            value="true"/>
                  </cell>
                  <cell>Show a title and author at start of document</cell>
               </row>
               <row>
                  <cell>
                     <hi>generationComment</hi>
                  </cell>
                  <cell>
                     <input xmlns="http://www.w3.org/1999/xhtml"
                            name="generationComment"
                            type="checkbox"
                            checked="checked"
                            value="true"/>
                  </cell>
                  <cell>Add a comment to web page showing when it was generated, stylesheet version, etc</cell>
               </row>
               <row>
                  <cell>
                     <hi>verbose</hi>
                  </cell>
                  <cell>
                     <input xmlns="http://www.w3.org/1999/xhtml"
                            name="verbose"
                            type="checkbox"
                            value="true"/>
                  </cell>
                  <cell>Be talkative while working.</cell>
               </row>
            </table>
            <p>
               <hi>Time to work!</hi>
            </p>
            <list>
               <item>
                  <html:input value="Submit" type="submit"/>
               </item>
               <item>
                  <html:input value="Reset" type="reset"/>
               </item>
            </list>
         </html:form>
      </body>
   </text>
</TEI>