<?xml version="1.0" encoding="UTF-8"?><elementList xmlns="http://www.tei-c.org/ns/1.0"><gi>teiHeader</gi><gi>fileDesc</gi><gi>titleStmt</gi><gi>sponsor</gi><gi>funder</gi><gi>principal</gi><gi>editionStmt</gi><gi>edition</gi><gi>extent</gi><gi>publicationStmt</gi><gi>distributor</gi><gi>authority</gi><gi>idno</gi><gi>availability</gi><gi>licence</gi><gi>seriesStmt</gi><gi>notesStmt</gi><gi>sourceDesc</gi><gi>biblFull</gi><gi>encodingDesc</gi><gi>schemaRef</gi><gi>projectDesc</gi><gi>samplingDecl</gi><gi>editorialDecl</gi><gi>correction</gi><gi>normalization</gi><gi>quotation</gi><gi>hyphenation</gi><gi>segmentation</gi><gi>stdVals</gi><gi>interpretation</gi><gi>punctuation</gi><gi>tagsDecl</gi><gi>tagUsage</gi><gi>namespace</gi><gi>rendition</gi><gi>styleDefDecl</gi><gi>refsDecl</gi><gi>cRefPattern</gi><gi>prefixDef</gi><gi>listPrefixDef</gi><gi>refState</gi><gi>classDecl</gi><gi>taxonomy</gi><gi>category</gi><gi>catDesc</gi><gi>geoDecl</gi><gi>unitDecl</gi><gi>unitDef</gi><gi>conversion</gi><gi>appInfo</gi><gi>application</gi><gi>profileDesc</gi><gi>handNote</gi><gi>abstract</gi><gi>creation</gi><gi>langUsage</gi><gi>language</gi><gi>textClass</gi><gi>keywords</gi><gi>classCode</gi><gi>catRef</gi><gi>calendarDesc</gi><gi>calendar</gi><gi>correspDesc</gi><gi>correspAction</gi><gi>correspContext</gi><gi>xenoData</gi><gi>revisionDesc</gi><gi>change</gi><gi>p</gi><gi>foreign</gi><gi>emph</gi><gi>hi</gi><gi>distinct</gi><gi>said</gi><gi>quote</gi><gi>q</gi><gi>cit</gi><gi>mentioned</gi><gi>soCalled</gi><gi>desc</gi><gi>gloss</gi><gi>term</gi><gi>sic</gi><gi>corr</gi><gi>choice</gi><gi>reg</gi><gi>orig</gi><gi>gap</gi><gi>add</gi><gi>del</gi><gi>unclear</gi><gi>name</gi><gi>rs</gi><gi>email</gi><gi>address</gi><gi>addrLine</gi><gi>street</gi><gi>postCode</gi><gi>postBox</gi><gi>num</gi><gi>measure</gi><gi>measureGrp</gi><gi>unit</gi><gi>date</gi><gi>time</gi><gi>abbr</gi><gi>expan</gi><gi>ptr</gi><gi>ref</gi><gi>list</gi><gi>item</gi><gi>label</gi><gi>head</gi><gi>headLabel</gi><gi>headItem</gi><gi>note</gi><gi>index</gi><gi>media</gi><gi>graphic</gi><gi>binaryObject</gi><gi>milestone</gi><gi>gb</gi><gi>pb</gi><gi>lb</gi><gi>cb</gi><gi>analytic</gi><gi>monogr</gi><gi>series</gi><gi>author</gi><gi>editor</gi><gi>respStmt</gi><gi>resp</gi><gi>title</gi><gi>meeting</gi><gi>imprint</gi><gi>publisher</gi><gi>biblScope</gi><gi>citedRange</gi><gi>pubPlace</gi><gi>bibl</gi><gi>biblStruct</gi><gi>listBibl</gi><gi>relatedItem</gi><gi>l</gi><gi>lg</gi><gi>sp</gi><gi>speaker</gi><gi>stage</gi><gi>TEI</gi><gi>teiCorpus</gi><gi>text</gi><gi>body</gi><gi>group</gi><gi>floatingText</gi><gi>div</gi><gi>div1</gi><gi>div2</gi><gi>div3</gi><gi>div4</gi><gi>div5</gi><gi>div6</gi><gi>div7</gi><gi>divGen</gi><gi>trailer</gi><gi>byline</gi><gi>dateline</gi><gi>argument</gi><gi>epigraph</gi><gi>opener</gi><gi>closer</gi><gi>salute</gi><gi>signed</gi><gi>postscript</gi><gi>titlePage</gi><gi>docTitle</gi><gi>titlePart</gi><gi>docAuthor</gi><gi>imprimatur</gi><gi>docEdition</gi><gi>docImprint</gi><gi>docDate</gi><gi>front</gi><gi>back</gi><gi>g</gi><gi>char</gi><gi>charName</gi><gi>charProp</gi><gi>charDecl</gi><gi>glyph</gi><gi>glyphName</gi><gi>localName</gi><gi>mapping</gi><gi>unicodeName</gi><gi>value</gi><gi>metDecl</gi><gi>metSym</gi><gi>caesura</gi><gi>rhyme</gi><gi>set</gi><gi>prologue</gi><gi>epilogue</gi><gi>performance</gi><gi>castList</gi><gi>castGroup</gi><gi>castItem</gi><gi>role</gi><gi>roleDesc</gi><gi>actor</gi><gi>spGrp</gi><gi>move</gi><gi>view</gi><gi>camera</gi><gi>sound</gi><gi>caption</gi><gi>tech</gi><gi>scriptStmt</gi><gi>recordingStmt</gi><gi>recording</gi><gi>equipment</gi><gi>broadcast</gi><gi>transcriptionDesc</gi><gi>u</gi><gi>pause</gi><gi>vocal</gi><gi>kinesic</gi><gi>incident</gi><gi>writing</gi><gi>shift</gi><gi>annotationBlock</gi><gi>superEntry</gi><gi>entry</gi><gi>entryFree</gi><gi>hom</gi><gi>sense</gi><gi>dictScrap</gi><gi>form</gi><gi>orth</gi><gi>pron</gi><gi>hyph</gi><gi>syll</gi><gi>stress</gi><gi>gram</gi><gi>gen</gi><gi>number</gi><gi>case</gi><gi>per</gi><gi>tns</gi><gi>mood</gi><gi>iType</gi><gi>gramGrp</gi><gi>pos</gi><gi>subc</gi><gi>colloc</gi><gi>def</gi><gi>etym</gi><gi>lang</gi><gi>usg</gi><gi>lbl</gi><gi>xr</gi><gi>re</gi><gi>oRef</gi><gi>pRef</gi><gi>msDesc</gi><gi>catchwords</gi><gi>dimensions</gi><gi>dim</gi><gi>height</gi><gi>depth</gi><gi>width</gi><gi>heraldry</gi><gi>locus</gi><gi>locusGrp</gi><gi>material</gi><gi>objectType</gi><gi>origDate</gi><gi>origPlace</gi><gi>secFol</gi><gi>signatures</gi><gi>stamp</gi><gi>watermark</gi><gi>msIdentifier</gi><gi>institution</gi><gi>repository</gi><gi>collection</gi><gi>altIdentifier</gi><gi>msName</gi><gi>colophon</gi><gi>explicit</gi><gi>filiation</gi><gi>finalRubric</gi><gi>incipit</gi><gi>msContents</gi><gi>msItem</gi><gi>msItemStruct</gi><gi>rubric</gi><gi>summary</gi><gi>textLang</gi><gi>physDesc</gi><gi>objectDesc</gi><gi>supportDesc</gi><gi>support</gi><gi>collation</gi><gi>foliation</gi><gi>condition</gi><gi>layoutDesc</gi><gi>layout</gi><gi>handDesc</gi><gi>typeDesc</gi><gi>typeNote</gi><gi>scriptDesc</gi><gi>scriptNote</gi><gi>musicNotation</gi><gi>decoDesc</gi><gi>decoNote</gi><gi>additions</gi><gi>bindingDesc</gi><gi>binding</gi><gi>sealDesc</gi><gi>seal</gi><gi>accMat</gi><gi>history</gi><gi>origin</gi><gi>provenance</gi><gi>acquisition</gi><gi>additional</gi><gi>adminInfo</gi><gi>recordHist</gi><gi>source</gi><gi>custodialHist</gi><gi>custEvent</gi><gi>surrogates</gi><gi>msPart</gi><gi>msFrag</gi><gi>facsimile</gi><gi>sourceDoc</gi><gi>surface</gi><gi>surfaceGrp</gi><gi>zone</gi><gi>path</gi><gi>addSpan</gi><gi>damage</gi><gi>damageSpan</gi><gi>delSpan</gi><gi>ex</gi><gi>fw</gi><gi>handNotes</gi><gi>handShift</gi><gi>am</gi><gi>restore</gi><gi>space</gi><gi>subst</gi><gi>substJoin</gi><gi>supplied</gi><gi>surplus</gi><gi>secl</gi><gi>line</gi><gi>listChange</gi><gi>listTranspose</gi><gi>metamark</gi><gi>mod</gi><gi>redo</gi><gi>retrace</gi><gi>transpose</gi><gi>undo</gi><gi>app</gi><gi>listApp</gi><gi>lem</gi><gi>rdg</gi><gi>rdgGrp</gi><gi>witDetail</gi><gi>wit</gi><gi>listWit</gi><gi>witness</gi><gi>witStart</gi><gi>witEnd</gi><gi>lacunaStart</gi><gi>lacunaEnd</gi><gi>variantEncoding</gi><gi>orgName</gi><gi>persName</gi><gi>surname</gi><gi>forename</gi><gi>genName</gi><gi>nameLink</gi><gi>addName</gi><gi>roleName</gi><gi>placeName</gi><gi>bloc</gi><gi>country</gi><gi>region</gi><gi>settlement</gi><gi>district</gi><gi>offset</gi><gi>geogName</gi><gi>geogFeat</gi><gi>affiliation</gi><gi>age</gi><gi>birth</gi><gi>climate</gi><gi>death</gi><gi>education</gi><gi>event</gi><gi>faith</gi><gi>floruit</gi><gi>geo</gi><gi>langKnowledge</gi><gi>langKnown</gi><gi>listOrg</gi><gi>listEvent</gi><gi>listPerson</gi><gi>listPlace</gi><gi>location</gi><gi>nationality</gi><gi>occupation</gi><gi>org</gi><gi>listRelation</gi><gi>person</gi><gi>persona</gi><gi>personGrp</gi><gi>place</gi><gi>population</gi><gi>relation</gi><gi>residence</gi><gi>sex</gi><gi>socecStatus</gi><gi>state</gi><gi>terrain</gi><gi>trait</gi><gi>objectName</gi><gi>object</gi><gi>listObject</gi><gi>objectIdentifier</gi><gi>nym</gi><gi>listNym</gi><gi>table</gi><gi>row</gi><gi>cell</gi><gi>formula</gi><gi>notatedMusic</gi><gi>figure</gi><gi>figDesc</gi><gi>textDesc</gi><gi>particDesc</gi><gi>settingDesc</gi><gi>channel</gi><gi>constitution</gi><gi>derivation</gi><gi>domain</gi><gi>factuality</gi><gi>interaction</gi><gi>preparedness</gi><gi>purpose</gi><gi>setting</gi><gi>locale</gi><gi>activity</gi><gi>link</gi><gi>linkGrp</gi><gi>ab</gi><gi>anchor</gi><gi>seg</gi><gi>when</gi><gi>timeline</gi><gi>join</gi><gi>joinGrp</gi><gi>alt</gi><gi>altGrp</gi><gi>s</gi><gi>cl</gi><gi>phr</gi><gi>w</gi><gi>m</gi><gi>c</gi><gi>pc</gi><gi>span</gi><gi>spanGrp</gi><gi>interp</gi><gi>interpGrp</gi><gi>fsdDecl</gi><gi>fsDecl</gi><gi>fsDescr</gi><gi>fsdLink</gi><gi>fDecl</gi><gi>fDescr</gi><gi>vRange</gi><gi>vDefault</gi><gi>if</gi><gi>then</gi><gi>fsConstraints</gi><gi>cond</gi><gi>bicond</gi><gi>iff</gi><gi>fs</gi><gi>f</gi><gi>binary</gi><gi>symbol</gi><gi>numeric</gi><gi>string</gi><gi>vLabel</gi><gi>vColl</gi><gi>default</gi><gi>vAlt</gi><gi>vNot</gi><gi>vMerge</gi><gi>fLib</gi><gi>fvLib</gi><gi>graph</gi><gi>node</gi><gi>arc</gi><gi>tree</gi><gi>root</gi><gi>iNode</gi><gi>leaf</gi><gi>eTree</gi><gi>triangle</gi><gi>eLeaf</gi><gi>forest</gi><gi>listForest</gi><gi>precision</gi><gi>certainty</gi><gi>respons</gi><gi>att</gi><gi>code</gi><gi>eg</gi><gi>egXML</gi><gi>gi</gi><gi>ident</gi><gi>tag</gi><gi>val</gi><gi>specList</gi><gi>specDesc</gi><gi>classRef</gi><gi>elementRef</gi><gi>macroRef</gi><gi>moduleRef</gi><gi>moduleSpec</gi><gi>schemaSpec</gi><gi>specGrp</gi><gi>specGrpRef</gi><gi>elementSpec</gi><gi>classSpec</gi><gi>dataSpec</gi><gi>macroSpec</gi><gi>remarks</gi><gi>listRef</gi><gi>exemplum</gi><gi>classes</gi><gi>memberOf</gi><gi>equiv</gi><gi>altIdent</gi><gi>model</gi><gi>modelSequence</gi><gi>modelGrp</gi><gi>outputRendition</gi><gi>paramList</gi><gi>paramSpec</gi><gi>param</gi><gi>content</gi><gi>sequence</gi><gi>alternate</gi><gi>constraint</gi><gi>constraintSpec</gi><gi>attList</gi><gi>attDef</gi><gi>attRef</gi><gi>datatype</gi><gi>dataRef</gi><gi>dataFacet</gi><gi>defaultVal</gi><gi>valDesc</gi><gi>valItem</gi><gi>valList</gi><gi>textNode</gi><gi>anyElement</gi><gi>empty</gi></elementList>