<?xml version="1.0" encoding="utf-8"?>
<project basedir="." default="dist" name="docxtei">
  <!--
	This library is free software; you can redistribute it and/or
	modify it under the terms of the GNU Lesser General Public
	License as published by the Free Software Foundation; either
	version 2.1 of the License, or (at your option) any later version.
	
	This library is distributed in the hope that it will be useful,
	but WITHOUT ANY WARRANTY; without even the implied warranty of
	MERCHANTABILITY or FITNESS FOR A PARTICULAR PURPOSE.  See the GNU
	Lesser General Public License for more details.
	
	You should have received a copy of the GNU Lesser General Public
	License along with this library; if not, write to the Free Software
	Foundation, Inc., 59 Temple Place, Suite 330, Boston, MA  02111-1307  USA
	
        Id: $Id$
        Copyright: 2011, TEI Consortium<
-->
  <!--
 Convert odt files to TEI documents.
 -->

  <import file="../common/teianttasks.xml"/>
  <property name="odttotei" value="${profiledir}/${profile}/odt/from.xsl"/>
  <target name="dist" depends="setup,convert,mediadir.check,picturecopy,cleanup"/>
  <target name="convert">
    <unzip src="${inputFile}" dest="${outputTempDir}"/>
    <xslt force="yes" style="${odttotei}" in="${outputTempDir}/content.xml" out="${outputFile}">
      <xmlcatalog>
        <catalogpath>
          <pathelement location="$catalogfile"/>
        </catalogpath>
      </xmlcatalog>
      <factory name="net.sf.saxon.TransformerFactoryImpl"/>
      <param name="dir" expression="${outputTempDir}"/>
      <param name="inputDir" expression="${inputDir}"/>
      <param name="mediaDir" expression="Pictures"/>
    </xslt>
  </target>
  <target name="mediadir.check">
    <condition property="mediadir.exists">
      <available file="${outputTempDir}/Pictures" type="dir"/>
    </condition>
  </target>
  <target name="picturecopy" if="${mediadir.exists}">
    <move todir="${outputDir}/Pictures" overwrite="true">
      <fileset dir="${outputTempDir}/Pictures"/>
    </move>
  </target>

</project>
